,reviewId,userName,userImage,content,score,thumbsUpCount,reviewCreatedVersion,at,replyContent,repliedAt,Date,Time
0,gp:AOqpTOHrhAClzeIEffDGTKxwPXDgeelRgvZAbJgoRH7E1vAXoJAqBSU7XWZzRWtQ9f4j_i6gu1f-NjyMz5gkJw,Fachri Badil Usman,https://play-lh.googleusercontent.com/a-/AOh14GiACg7xtAAS1kTmoKfXxvZkcRrHokH2wu--lI_HaQ,Appnya lemot Jelek lah intinya,1,0,,2022-01-26 23:16:56,,,2022-01-26,23:16:56
1,gp:AOqpTOFNJHMyk8s7C0z7ActkWxUHzOKA_iMZ1xIf-QMAzPhRt6ZNBLI2OlK3lqAKwQzoH8zlfW07t4u9zldeUg,Gigieh 1701,https://play-lh.googleusercontent.com/a/AATXAJwHimj8nprWId-UM2CuPtHHPsoYzqqB6aDDFXtv=mo,Ribet diperbarui dulu malah gampang ngatur ganti sandi dan mengetahui jumlah pemakaian wifi siapa aja,1,0,,2022-01-26 18:29:04,,,2022-01-26,18:29:04
2,gp:AOqpTOEnF--yMZFKDDtEqOKWUDDH1PcaFlQotn1oNm_xOTfip3EykazQiAGRihXdNYFtlTKl4RO4NW6r2GP6rQ,Hafizuddin Azzam Bramantio,https://play-lh.googleusercontent.com/a-/AOh14Gi3bfWP8k6AxGh1rIfMkrlJcgbhk_nVo-1yDOu7sw,Aplikasi sekelas BUMN gini AMAT yaa?? Sampah BGT,1,0,,2022-01-26 17:44:44,,,2022-01-26,17:44:44
3,gp:AOqpTOGNe39xfo9kRBX8HgrCjqIYxtxRDM503CQUUr4lkioRXxuIECCYYarYhHoIOOHAL2dCAhHM9oytv2p7Kg,Fandi Isnadi,https://play-lh.googleusercontent.com/a-/AOh14Ghcvkq9gQ2_WzOY18nFZqwksvFjXsD_uRYsuXM8,"Jaringan ga jelas, quality control parah, sampah,",1,0,,2022-01-26 14:32:15,,,2022-01-26,14:32:15
4,gp:AOqpTOHBlyD1f4ZUS9bLUrEST7UAA1jotF5j4bfbqvFvk4LQBNtkifASU8Fes-t0QUAR50MUHZexGRi9zDvlrw,Boen Mengli,https://play-lh.googleusercontent.com/a-/AOh14GgSJ21vnUDamvmPiNEjBq5frjqNX23_nK12Os3iSA,Tidak efektif lambat kerjanya..kalo internet mati bgmna cara menggunakan aplikasi indihome ini? Apakah hrs beli pulsa internet? Atau telp.147 dgn hrs beli pulsa hp ?kalo menurut sy hanya menguntungkan sepihak aj biasanya customer yg selalu dirugikan,1,0,4.1.6,2022-01-26 14:00:29,"Hai Kak Boen, mohon maaf atas ketidaknyamanannya, mengenai keluhan tersebut bisa diinformasikan ke Facebook dan Twitter kami @IndiHome atau melalui aplikasi IndiHome di fitur lapor gangguan Indita",2020-05-08 06:33:02,2022-01-26,14:00:29
5,gp:AOqpTOFUEi4SjLizGdGWvpFKmgHnxWe97ZCu6j4eXhflZDQdVPGS7rsMZPl8qMKw3-Y_AKSj_YMOT1tvj4EQTQ,Yono Shooting,https://play-lh.googleusercontent.com/a-/AOh14Ghv1D_8T6NJhSMJF5VUyH63bhtwPA1Z22hhYqaoNg,Sudah 2 bulan aplikasi eror terus tidak bisa melakukan renew speed payah pol,1,0,1.5.18,2022-01-26 13:32:44,,,2022-01-26,13:32:44
6,gp:AOqpTOGDLYSSl9BJHioSqjCZcJtVCPG_nyK19pyvG4iUWhDjsXLH8eWXZb2DMzaT0Ovp3cTzFTtODieC0ZtCkA,eri lestianto,https://play-lh.googleusercontent.com/a-/AOh14GiiOQdrbPwuRB2XMvfYVr7qCVA8VC0-F6Y07sfC,"Mau login gk bisa, Masa email tidak terdaftar, tapi tagihan masuk ke email. Koplak",1,0,,2022-01-26 13:22:58,,,2022-01-26,13:22:58
7,gp:AOqpTOESsEUg-3ygOyXfPrVYJta0JZSXtsXin2DDHueTHLe31TD4Qu50VE6wbOofNyJzi6Z-74OqHlj5SmcWOA,Dwi Ratna,https://play-lh.googleusercontent.com/a/AATXAJz_X_6lHYSAs7g6M76SJVldIfoav-xLe0E180sw=mo,Aplikasi parah. Laporan lewat menu bantuan sudah dapat ticket laporan teknisi perjalanan ke rumah anda. Trus emangnya ini teknisi dari jepang ya 2 bulan gak sampai sampai,1,0,4.1.6,2022-01-26 13:08:35,"Hi Kak Dwi, terima kasih utk review dan masukan Anda. Kami mohon maaf atas ketidaknyamanan yang Anda alami. Sebagai komitmen untuk selalu memberikan pelayanan dan pengalaman pelanggan terbaik, myIndiHome terus melakukan perbaikan. Infokan detail kendala di form berikut: https://bit.ly/myihreview atau hub 147 atau DM FB/ Twitter @IndiHomeCare",2022-01-26 14:42:16,2022-01-26,13:08:35
8,gp:AOqpTOHGFwZ1dVw6Ydyu7x2E1aNI23rBK7hSNiWkMm9evK2GIaRfbpr7K2WKvMoW8fPtVLjtKd-sl8tllzqs4g,apriansyah basrifin,https://play-lh.googleusercontent.com/a/AATXAJyH4mLbS-QRbOI-cIFlItSzoxeqLEIH_TmTC_1B=mo,"Dpt tlp dr indihome, katanya dpt penawaran wifi idseamless, download aplikasi..daftar tidak bisa..""mohon maaf kami sedang dalam peningkatan pelayanan"" sementara saat ini indihome ""mengecewakan"". Untuk indihome, stop mengecewakan saya. Setelah review ini, paling yg jawab juga mesin, Hi kk Apriansyah, terima kasih review dan kami mohon maaf atas ketidaknyamanannya...bla bla bla.. mereka tidak peduli",1,0,4.1.6,2022-01-26 13:07:25,"Hi Kak Apriansyah, terima kasih utk review dan masukan Anda. Kami mohon maaf atas ketidaknyamanan yang Anda alami. Sebagai komitmen untuk selalu memberikan pelayanan dan pengalaman pelanggan terbaik, myIndiHome terus melakukan perbaikan. Infokan detail kendala di form berikut: https://bit.ly/myihreview atau hub 147 atau DM FB/ Twitter @IndiHomeCare",2022-01-26 14:42:03,2022-01-26,13:07:25
9,gp:AOqpTOE8el4YKE77a8eO-WAtHxwKTuoNMq4-xaQgUWymVbNROA886R3v5m5tVql0HcZg9lzdz4im7gOeKiAUZQ,Chairun Nizar,https://play-lh.googleusercontent.com/a-/AOh14Gjnm-nUjyDBfL-SVh6os-rV8ensYAM7le6BgN_5W8o,Bagus... cukup puas ..,5,0,4.1.6,2022-01-26 13:01:49,,,2022-01-26,13:01:49
10,gp:AOqpTOGMU8CiHhKgJq7CJiJfmauAa3iq7m5SCL-Otr3Q10JF-YzeKfHFkK8BgZfvduehiokagr4n68FEFDrGZA,Toko Wildan,https://play-lh.googleusercontent.com/a/AATXAJx5Ko0cB2N6XcgF0OKAJ8jMKOZ5gJVGtavza6RI=mo,Sering error,1,0,,2022-01-26 12:31:08,,,2022-01-26,12:31:08
11,gp:AOqpTOG4nNsuZtxM5EQ7nUJwhDDdqZiJ83dgzt9-AmV-49WAkFvYk1nrEDpASSh3cBdThW9yPbJbvc-3lxL3OA,mooncrows,https://play-lh.googleusercontent.com/a-/AOh14GiFN1rDoGdH1K4Ih0X27aEfx1brzjvq3I4KerNWCA,tolong perbaiki user harus login kembali tiap beberapa menit buka aplikasi,5,0,4.1.6,2022-01-26 12:21:50,,,2022-01-26,12:21:50
12,gp:AOqpTOGdRykncL4_Wa3nEtcgXbpIO15MSzYqUF6AHu8QJBxzqoWE-5CF28NfyEl_D6cuO7H-RKqohIAEUnRbQQ,Faqih Al-Asy'ari,https://play-lh.googleusercontent.com/a-/AOh14Gjc82qVSWci5uyHzI5XIlodYLWoP8QOaDLO32MhxA,Setelah update justru malah susah dibuka. Mending make versi yg sebelumnya,1,0,4.1.6,2022-01-26 12:18:54,"Hi Kak Faqih, terima kasih utk review dan masukan Anda. Kami mohon maaf atas ketidaknyamanan yang Anda alami. Sebagai komitmen untuk selalu memberikan pelayanan dan pengalaman pelanggan terbaik, myIndiHome terus melakukan perbaikan. Infokan detail kendala di form berikut: https://bit.ly/myihreview atau hub 147 atau DM FB/ Twitter @IndiHomeCare",2022-01-26 14:41:53,2022-01-26,12:18:54
13,gp:AOqpTOGfNjwir-ym3v4ZBrDKhsE9lVGm18AqzwzsKGoakERqMgLjLiwyRKw0k-h6os6uXxEZVhdCeY2hilXKHQ,Khan Khoir,https://play-lh.googleusercontent.com/a/AATXAJxcDPwxlvVAhuEs-BuGbohoSVPzzPIuCICRo7jY=mo,"Aplikasi kurang baik sudah login malah keluar mulu, tolong di perbaiki secepat nyaüôèüôèüôè",1,0,,2022-01-26 12:01:59,,,2022-01-26,12:01:59
14,gp:AOqpTOFiO590DrCfn_OEIOlG7evKhCPK9qI7TuBZGiBXG-rwgIGraF-ymxlN6G2Q0OQ7DZMWvk6vTx2Fu7g7dw,Vee Eren,https://play-lh.googleusercontent.com/a/AATXAJyC6Yw3EZsPZAPmcjzG4Wa8NzCBzxP9lkDJUvl2=mo,"Kintil bangett, gabisa renew, udah masukin nomor internet statusnya malah belum berlanganan, Yang buat aplikasi korup dana pasti neh makannya ga pernah bener BUMN satu ini.",1,0,,2022-01-26 11:57:30,,,2022-01-26,11:57:30
15,gp:AOqpTOH4-4KUWkUyMT627DXh9cmW65gGnltOBpvTOf0VyE6JMiIduDVbBXvAYwj000Lrvje9bguA_72lA1ZsPQ,brek kelle,https://play-lh.googleusercontent.com/a/AATXAJyrdBgOrPQjI4IfhQrbuGDja94bY3h9NEpuAbvE=mo,"Aplikasinya tambah payah... Sebentar sebentar dikeluarkan disuruh login lagi, begitu login tetep dikeluarkan... Beda seperti aplikasi sebelum update",1,0,,2022-01-26 11:53:57,,,2022-01-26,11:53:57
16,gp:AOqpTOHUFse6jAc6HaCz9fLZDi00jXxIBgmAbgX8O3ughboZQSA8p306VpvqL92TT8JaV4SOjHXmrols4Lh5ng,Susanti,https://play-lh.googleusercontent.com/a-/AOh14GiVi2187xkV4f4dehWLlJblkiqi5PKeAT-bKG2n7g,üò≠,1,0,,2022-01-26 11:52:54,,,2022-01-26,11:52:54
17,gp:AOqpTOHHsU93AUb7SWdgg9VOTDKyu6PR7ffgxEZc8fJ_SaTko1PxR5hJ7Io1n6wYcq3ZzxvnwotBbsXIjCzzZQ,VALQIORA,https://play-lh.googleusercontent.com/a-/AOh14GgLhe2NV_nh63KG2j_Cvh6PPmNgNulFdTABQbIyvg,Aplikasi cacat mau login aja gak bisa,1,0,,2022-01-26 11:45:18,,,2022-01-26,11:45:18
18,gp:AOqpTOHyL2WiiZKdl9NizGGG7YrWtlF3XTb5STfSwHz49c-udK5-CmfiEIdvEI2VKKgdD1epg_dMP7nIJuLEQQ,Rafi Andriadi,https://play-lh.googleusercontent.com/a-/AOh14GgNcIL2IQx3n-5pGxCgslQQ0c8Y3YQjMz90IfI-,"Gampang kena sesi, blm sempat baca dh terkeluar sendiri.",1,0,4.1.6,2022-01-26 11:34:33,"Hi Kak Rafi, terima kasih utk review dan masukan Anda. Kami mohon maaf atas ketidaknyamanan yang Anda alami. Sebagai komitmen untuk selalu memberikan pelayanan dan pengalaman pelanggan terbaik, myIndiHome terus melakukan perbaikan. Infokan detail kendala di form berikut: https://bit.ly/myihreview atau hub 147 atau DM FB/ Twitter @IndiHomeCare",2022-01-26 14:41:44,2022-01-26,11:34:33
19,gp:AOqpTOEqmW87qca6V_6sNXgRW8vkVqk1JxGHHR2HXw5QMPXSTbEQJhU8zMq42kEKqJF-IKXiSnhgb6eUdIkfpA,Syaminal Rahman,https://play-lh.googleusercontent.com/a/AATXAJwsVQGsxH0Y4nO02zAgTtWwaCe5vEF_ghyBPMGu7A=mo,Kenapa harus log in terus setiap buka apk?,1,0,4.1.6,2022-01-26 11:31:39,"Hi Kak Syaminal, terima kasih utk review dan masukan Anda. Kami mohon maaf atas ketidaknyamanan yang Anda alami. Sebagai komitmen untuk selalu memberikan pelayanan dan pengalaman pelanggan terbaik, myIndiHome terus melakukan perbaikan. Infokan detail kendala di form berikut: https://bit.ly/myihreview atau hub 147 atau DM FB/ Twitter @IndiHomeCare",2022-01-26 14:41:18,2022-01-26,11:31:39
20,gp:AOqpTOGs3ZuHKTGYS5DANRybQ08FRsHQD4ATw-JwXJyjsn5ibsyXUeZiioESz5sCj5tC668Vxl0ETLnbSG9oIw,Dodi Susanto,https://play-lh.googleusercontent.com/a-/AOh14Gi57NYaiqmxcPyozR4BcEcU46I39qYHj8dBgDw5og,"Semakin diupdate bukannya semakin baik, malah tambah kacau. Login berkali-kali. Mau melaporkan gangguan juga makin susah. Gak mutu.....",1,0,4.1.6,2022-01-26 11:31:27,"Hi Kak Dodi, terima kasih utk review dan masukan Anda. Kami mohon maaf atas ketidaknyamanan yang Anda alami. Sebagai komitmen untuk selalu memberikan pelayanan dan pengalaman pelanggan terbaik, myIndiHome terus melakukan perbaikan. Infokan detail kendala di form berikut: https://bit.ly/myihreview atau hub 147 atau DM FB/ Twitter @IndiHomeCare",2022-01-26 14:41:07,2022-01-26,11:31:27
21,gp:AOqpTOHqrmXVpKsWbmKyG_rshgwXH-em-h9-2Nlfox28t_olMEhr3feWjRVI9K7jpcal-AscV3lYzFJMGM13BQ,Miftakhul Munir,https://play-lh.googleusercontent.com/a/AATXAJzUjsvJ995rSTKh8kdepW-2HiL75W0Els6TWXfV=mo,Aplikasi bukan malah membantu malah mempersulit pembayaran aja sulit dilakukan. Setelah update malah gak bisa masuk aplikasi. Payaaaah üëéüëéüëé,1,0,3.85.007,2022-01-26 11:26:51,,,2022-01-26,11:26:51
22,gp:AOqpTOFVlxKS7KVRqTkX8UEV3bnFE0wELS5CS-kvlt1w_ta_nPTtrX3Q8T0V3wu6FmSBUaH1cAn5m6W1z9KsPQ,Andri Hidayat,https://play-lh.googleusercontent.com/a/AATXAJwGp5kOz80vTRet3cavq7j3gKjrd9ew2U1FpHDr=mo,"Ribet , login mulu . Payah",1,0,4.1.6,2022-01-26 11:14:12,"Hi Kak Andri, terima kasih utk review dan masukan Anda. Kami mohon maaf atas ketidaknyamanan yang Anda alami. Sebagai komitmen untuk selalu memberikan pelayanan dan pengalaman pelanggan terbaik, myIndiHome terus melakukan perbaikan. Infokan detail kendala di form berikut: https://bit.ly/myihreview atau hub 147 atau DM FB/ Twitter @IndiHomeCare",2022-01-26 14:37:25,2022-01-26,11:14:12
23,gp:AOqpTOG9J6e4fvLc5rz2d2K0Spv-5zc3mOzIv-PEOFHyRJ1JAPFExlD6AB57kPKIRCyfVu5ZpQuHouWur6I3ng,Agham Arta,https://play-lh.googleusercontent.com/a-/AOh14GjuF_FFC3e7nyEu_KfFXHg-sRUJZxXv1RPWkSVWzw,Tidak bisa melaporkan masalah,1,0,4.1.6,2022-01-26 11:00:54,"Hi Kak Agham, terima kasih utk review dan masukan Anda. Kami mohon maaf atas ketidaknyamanan yang Anda alami. Sebagai komitmen untuk selalu memberikan pelayanan dan pengalaman pelanggan terbaik, myIndiHome terus melakukan perbaikan. Infokan detail kendala di form berikut: https://bit.ly/myihreview atau hub 147 atau DM FB/ Twitter @IndiHomeCare",2022-01-26 14:37:12,2022-01-26,11:00:54
24,gp:AOqpTOG4jQl7OEVa0BMk55VnIPkHTpFi_AxcxreSTU_hYcnNll_rU9IANkd4DXvXyBU_9t7q9ZCwNcvhTjVGog,Murmin Murmin,https://play-lh.googleusercontent.com/a-/AOh14GhptjQX-tI3eMY55AScD1e02wHR3_MnaZ8rz4SZjA,Jurangan terpercaya .moga menjadi contoh ..makin jos....,5,0,4.1.6,2022-01-26 10:46:27,,,2022-01-26,10:46:27
25,gp:AOqpTOE8yzonYOF4a99tx2SfUOtztUlsoS9Ws5wdxrQcMLwWBCHHZzHJEn1122tsRoFZPevtzYbkeJ4hNjpHKA,Fadly Kurniawan,https://play-lh.googleusercontent.com/a/AATXAJxw9zKQTjmj4GseWiGX5EqsBeFHPQuATtPobTDd=mo,Makin kesini makin gaberguna apk nya,1,0,,2022-01-26 10:45:06,,,2022-01-26,10:45:06
26,gp:AOqpTOHB1L1s18Nm18rKcATtKeZKNNUCb5m8mE6eaRhaJIzwQGchAB4NNhW5GTjQ2YJq-CkabokE8D0EdyEGfQ,Hamzan Mulyadi,https://play-lh.googleusercontent.com/a-/AOh14Gh1C44VFqo-ednkl62GpYjlmlCmDkdMWDeWeej8,Pelayanan sangat memuaskan..,5,0,,2022-01-26 10:18:39,,,2022-01-26,10:18:39
27,gp:AOqpTOFybE0VBJvByVkR6UBNBgwSgjQONzZ3THThIyh3SJj0h37r3BcoP1hbv5I9gEHBrDSZbnjehSWeu4gZ0Q,DIDIK HARIYANTO,https://play-lh.googleusercontent.com/a-/AOh14GiYMCLTJYjhZs-0CfXgs66S7HcKNa-TaRFg4Ve8TA,Fast respon thank's myindhihome,5,0,4.1.6,2022-01-26 10:05:16,,,2022-01-26,10:05:16
28,gp:AOqpTOGJcXCQVEc8hVVOpzTel2aBjekyTMiXKuhgaMiQTn8v1ohAQbkkdE9Q-UGa_OpBEnyuB36L0oWXesA5xg,abizar kinontoa,https://play-lh.googleusercontent.com/a-/AOh14GhhVg5zpZ-4hQVN7YWocZYFcY0MVLP2aRCA6YEBsg,Aplikasi indihome sekarang sudah mantap ..,5,0,4.1.6,2022-01-26 09:57:53,,,2022-01-26,09:57:53
29,gp:AOqpTOF79gmfVvahN6qDAUfB90Uhtd7Y-ZGlHUMQ3HyEou9JPQA2pprkKHz4L-qSrNQtVzDHkPsNpgaGjFcSKw,Rosul Danuus,https://play-lh.googleusercontent.com/a/AATXAJyZCMCdhmBmWch53zhhdN9Wkh0Rp0l1SvAVy0WU=mo,Anjayy alokk,5,0,,2022-01-26 08:37:10,,,2022-01-26,08:37:10
30,gp:AOqpTOE-LcFHJaVr9A80ovyYtWGMIxPWKZbH-lEtiaII3hLgiwhd0bD4Imlmf79KxTZlN681_B7F8L17nwk0yw,Puji Lestarini,https://play-lh.googleusercontent.com/a/AATXAJyMYYmeEflIwOHTkQ0iL3bEIBiW4JCP4a7yaalu=mo,Respon cepat,5,0,4.1.6,2022-01-26 08:12:58,,,2022-01-26,08:12:58
31,gp:AOqpTOGX5_rRMNnEZMXe8gokDFcIL45rgp1HzNnoYG0Hf80PiSSOvZ9jpoLVCclfOfYLRvQfLsNxlK2N9zVrHQ,Viktor PUBG,https://play-lh.googleusercontent.com/a/AATXAJyShVzXKRMiks663Q2m1ezUWgo378PqDCg_RREI=mo,"Terimakasih IndiHome yg masih sampai saat ini menagih, Padahal Kita sudah berhenti Berlangganan dari Bulan September 2021, dan tagihan terakhir sudah kita bayar, tapi kok masih nagih, Kita juga udah di ambil semua alatnya kenapa masih ada tagihan, kita juga sudah konfirmasi. Tapi sampai sekarang Kenapa masih ada tagihan dari Oktober - Januari sekarang? Kita makai jaringan+ alatnya aja gak ada.",1,0,,2022-01-26 08:07:28,,,2022-01-26,08:07:28
32,gp:AOqpTOFG07BsA5_fBtUeEeruJ-8kaQFK20epi7ZN-K4JaX7lI62mZnkWvOjSPcQXi7b68Gub8TVcoLH80cy0sw,Muhammad Rofik,https://play-lh.googleusercontent.com/a-/AOh14Ghtyqigfg2DTLzR3wW7yN5S01RDxzMOqU5fkyDX,"RenewSpeed gagal terus,saya mau bayar bukan BON. Ayo donk...aplikasinya dibenerin,biar pelanggan tdk kecewa",1,0,4.1.6,2022-01-26 07:56:02,"Hi Kak Rofik, terima kasih utk review dan masukan Anda. Kami mohon maaf atas ketidaknyamanan yang Anda alami. Sebagai komitmen untuk selalu memberikan pelayanan dan pengalaman pelanggan terbaik, myIndiHome terus melakukan perbaikan. Infokan detail kendala di form berikut: https://bit.ly/myihreview atau hub 147 atau DM FB/ Twitter @IndiHomeCare",2022-01-26 09:19:25,2022-01-26,07:56:02
33,gp:AOqpTOGyqNqNI43pgJbWKwHT1EjpxeVf2uor9mbnZ4sXNXAlcGLJXB2-TQrnsS_VVqA2MMzkrDWOE4AcAkwpJg,rio mauritz,https://play-lh.googleusercontent.com/a-/AOh14GgNwREhg3-WewjkbXDaUuL9y04o7Un50XWpR3Acfg,Kecewa dengan aplikasi yg lambat. Serta pelayanan CustomerCare nya yg tidak bagus dan makin slow respon.,1,0,,2022-01-26 07:29:09,,,2022-01-26,07:29:09
34,gp:AOqpTOFhl7bLr-YylF1l3p1nIc3qjeVHJWrZBJxMjR9NZUQRmlpgCNNQDeFvMH34h7QFS-s4LjiE3L54rRtmHw,Tirtana Kusuma,https://play-lh.googleusercontent.com/a-/AOh14Gg1L2yg617CMRWyb1ACx99KxqH8FY-DWw-oB97eEA,"Katanya di rekomendasikan buat pake aplikai ini. Ehh,, tapi malah ga bisa apa"" gimana ini",1,0,,2022-01-26 07:27:14,,,2022-01-26,07:27:14
35,gp:AOqpTOH1QQobr8kVAG4TMkOhYvBn1FHeYp8NAuKHBZXc47M9v5UJAnQBjks7IcpeQ1Zipz8TagD22nN2YsnFyA,ecapsa 59,https://play-lh.googleusercontent.com/a/AATXAJyli8ajDVXv0fYmpaq90RQXvm1qrB8rBBNhg5y6=mo,AKUN WIFI ID SEAMLESS SAYA GIMANA WOYYYüò¥üò¥üò¥üò¥üò¥üò¥üò¥üò¥üò¥üò¥üò¥üò¥üò¥üò¥üò¥üò¥üò¥üò¥üò¥üò¥üò¥,1,0,4.1.6,2022-01-26 07:25:48,"Hi Kak Ecapsa, terima kasih utk review dan masukan Anda. Kami mohon maaf atas ketidaknyamanan yang Anda alami. Sebagai komitmen untuk selalu memberikan pelayanan dan pengalaman pelanggan terbaik, myIndiHome terus melakukan perbaikan. Infokan detail kendala di form berikut: https://bit.ly/myihreview atau hub 147 atau DM FB/ Twitter @IndiHomeCare",2022-01-10 16:07:51,2022-01-26,07:25:48
36,gp:AOqpTOEstUKNfd6z-X4L6H-t4tKkyqK5VIzJQm8BxDy2Y6ge3ikFUg9Ro_LmZMIGxIjj2w_QJvnNVRIE17Rbqw,kms Syafrudin,https://play-lh.googleusercontent.com/a/AATXAJyA3lz1QKOyAyb6qQFp98V6mFW-zwazo2JUA7Ov=mo,Terimakasih Super sekali pelayanannya..,5,0,4.1.6,2022-01-26 07:20:59,,,2022-01-26,07:20:59
37,gp:AOqpTOFmAm1hLYyWjwDCm4x1xUdqMeTuJDLhtrrGdIf_L2LHXaMAfawXJhXRdekNFLROJ3gLpP39BXjt3s8Dlw,Dandaf Altamis,https://play-lh.googleusercontent.com/a-/AOh14GhcsDnF-u_3seBoLGcumY0JzCBbMddXUtVzlBtjCA,"Ok sudah normal kembali, tapi masih ada kendala seperti loading kelamaan",4,4,4.1.6,2022-01-26 07:11:35,"Hi Kak Dandaf, terima kasih utk review dan masukan Anda. Kami mohon maaf atas ketidaknyamanan yang Anda alami. Sebagai komitmen untuk selalu memberikan pelayanan dan pengalaman pelanggan terbaik, myIndiHome terus melakukan perbaikan. Infokan detail kendala di form berikut: https://bit.ly/myihreview atau hub 147 atau DM FB/ Twitter @IndiHomeCare",2022-01-26 09:19:11,2022-01-26,07:11:35
38,gp:AOqpTOG5buWAIBNmVNOJ187SW8OASik0qNQQBpejZeweFRa2hJvBzpD9vsHAf7d7q7hY90YSIA3TYdk8JkeNgw,Mulky Arum,https://play-lh.googleusercontent.com/a-/AOh14Gg4nrBHcjZDro3y--21QgactERi5b7EJc5boA_R,Belum satu bulan pasang sudah lemot kena puf mungkin...,1,0,,2022-01-26 06:41:45,,,2022-01-26,06:41:45
39,gp:AOqpTOHObGgDeUUBtSQxttFHyF50wRFVDFfD3bcjQflPgGH_cyUO-hv4yKW9bx-VSZmB85pvW8W6aMuVNQ5z0w,Martono Petrus,https://play-lh.googleusercontent.com/a-/AOh14GiaxI_ke4jxTuneZaQiiNqMWREcsYJjzho6rMQAzw,Sangat membantu,5,0,4.1.6,2022-01-26 06:37:02,,,2022-01-26,06:37:02
40,gp:AOqpTOEmtk3FNib0mSy7vLBIxvmecdS1kQWE69vJzXz6ms_aSeDSMAI-dSsQLaUrO1tV-_wudAGjXtRLMesHBQ,Purwanto purwanto,https://play-lh.googleusercontent.com/a/AATXAJwOXzZ5K5GhoGAykXWRLBai-6xtaMN7x-P8kJPb=mo,Mau download nya juga susah beut,1,0,,2022-01-26 05:08:08,,,2022-01-26,05:08:08
41,gp:AOqpTOEE_jNau2Y7o60-lUZWPILDc-Dko4AjZ_UJfyc43YZuu-YtRA0LdcV8D2PH1mqxS81F9xjOZ0t4ICCvzw,Budi Note,https://play-lh.googleusercontent.com/a/AATXAJznEk7IvfQhpvvszm8Tu4aj2bdMIc1do6ewiuLV=mo,Kenapa alamat di aplikasi myindihome tidak bisa diganti karena alamatnya beda dgn lokasi pemasangan indihome saya klu bisa diupgrade lagi aplikasinya agar alamat bisa diganti dgn alamat pemasangan indihome dan kedua utk pelayanan CS indihome di telkom plaza kurang memuaskan dan ditingkatkan lagi krn penjelasannya tidak akurat sehingga pelanggan tidak mengerti dan kecewa,2,0,4.1.6,2022-01-26 04:10:04,"Hi Kak Budi, terima kasih utk review dan masukan Anda. Kami mohon maaf atas ketidaknyamanan yang Anda alami. Sebagai komitmen untuk selalu memberikan pelayanan dan pengalaman pelanggan terbaik, myIndiHome terus melakukan perbaikan. Infokan detail kendala di form berikut: https://bit.ly/myihreview atau hub 147 atau DM FB/ Twitter @IndiHomeCare",2022-01-26 05:39:40,2022-01-26,04:10:04
42,gp:AOqpTOGEle3tGmpwikwGS5A314yYfQhf6_von_ZSksmpdgMj_uny0HcpegMhIl47CIbeinbRkc1xY0cMSZAwng,SempruL,https://play-lh.googleusercontent.com/a-/AOh14GhZy9f5IZGPdJxTDYwXR8N57eqqweUKmSVM08qE-k8,Sagat memuaskan. Dan membatu,5,0,4.1.6,2022-01-26 03:53:58,,,2022-01-26,03:53:58
43,gp:AOqpTOEawSELtZ6ezSqUzDvOE1-9DXABB4NsCZe57j-_y8yqGHfc8h6h4OuO3wRHoI16gqCVVouLjiT3-sNOCA,AnnA Novia,https://play-lh.googleusercontent.com/a/AATXAJwDIxGkVJUswGEXE_t72APhMMTi7V8XYQhFg3ti=mo,"mau buat pengaduan karena tv nya tdk bs dipakai sj susah...,üôÅ sdh sebulan tidak nonton tv ,padhl bayar terus",1,0,4.1.6,2022-01-26 03:48:37,"Hi Kak Anna, terima kasih utk review dan masukan Anda. Kami mohon maaf atas ketidaknyamanan yang Anda alami. Sebagai komitmen untuk selalu memberikan pelayanan dan pengalaman pelanggan terbaik, myIndiHome terus melakukan perbaikan. Infokan detail kendala di form berikut: https://bit.ly/myihreview atau hub 147 atau DM FB/ Twitter @IndiHomeCare",2022-01-26 05:39:30,2022-01-26,03:48:37
44,gp:AOqpTOFzjXqq8l1zuRuf5oiQ8o04HofCgSm13IwRSXtlFaVlWzUjI7ljkNaPxczZBI_NZBq1BAWqvommcUKF1g,SULTAN GAUL,https://play-lh.googleusercontent.com/a-/AOh14GhG_rW647KUEiVpyb_t7CD2BGQn0TCRsgWGDpQzKA,"saya akan laporkan ke pak mentri erik tohir, kesalahan indihome kepada saya. ketika harga paketan dulu 4th lalu sampai sekarang saya langganan 40mb tarif saya 680k dan betapa kaget nya saya ketika saya tau bahwa paketan sudah turun harga nya tp tagihan saya masih tetap. bertahun2 saya bayar di luar kewajaran. kecurangan ke 2 yaitu saya tidak bisa putuskan use tv sedangkan saya tidak menggunakan use tv dan tidak di kasih decorder tv box nya",1,0,4.1.6,2022-01-26 03:43:40,"Hi Kak Sultan, terima kasih utk review dan masukan Anda. Kami mohon maaf atas ketidaknyamanan yang Anda alami. Sebagai komitmen untuk selalu memberikan pelayanan dan pengalaman pelanggan terbaik, myIndiHome terus melakukan perbaikan. Infokan detail kendala di form berikut: https://bit.ly/myihreview atau hub 147 atau DM FB/ Twitter @IndiHomeCare",2022-01-26 05:39:17,2022-01-26,03:43:40
45,gp:AOqpTOGyfRBAqYdRE1e6aB5KnOWD6f_3Z3bpJTCTRXT5Xo-1dJs3fLLmbLwCKzLLZSI95_aRbMi4MvgVwmdxyw,Riswanta Pelawi,https://play-lh.googleusercontent.com/a-/AOh14Gj_wmQ6qkPAieez5JyYtS0-Ogupog4enWYHG8iOyA,"Aplikasi bangke mau melakukan laporan pengaduan ga bisa, setelah di update malah makin parah ga bisa login, bagus hapus aja ini aplikasi bangke",1,0,4.1.6,2022-01-26 02:52:58,"Hi Kak Riswanta, terima kasih utk review dan masukan Anda. Kami mohon maaf atas ketidaknyamanan yang Anda alami. Sebagai komitmen untuk selalu memberikan pelayanan dan pengalaman pelanggan terbaik, myIndiHome terus melakukan perbaikan. Infokan detail kendala di form berikut: https://bit.ly/myihreview atau hub 147 atau DM FB/ Twitter @IndiHomeCare",2022-01-26 05:39:03,2022-01-26,02:52:58
46,gp:AOqpTOH8f47XckLN1ZYwFFaVVph8_zURLM01Qm9xAkwfqxIIFCRaXqwIVVkKahIwKyrrWVdOPISPfJBjAiZz-w,Suhar Diman,https://play-lh.googleusercontent.com/a-/AOh14Gg2kuwrVKppgvyeahlaYJoWeBCa8S-ZMwc6QyYHxw,"Semakin lama indihome ini gk enak lagi,udah 2 hari indihome saya eror,udah di komplek lewat telp ,email, jawaban sabar mulu.giliran bayar gk ada kata sabar.",5,0,,2022-01-26 02:16:38,,,2022-01-26,02:16:38
47,gp:AOqpTOGdM-VeaPaLDz3VGDfm1aP_uKYLRbQnqwo15-LL_jtOM8qyrpx1eA_oRcEhxeskpteV5vo6SOkoAQ3GUA,Yeni Hastuti,https://play-lh.googleusercontent.com/a/AATXAJx3LOvM1udUwSXxmEAfqbxYkWpj3lh9-f_Na_BU=mo,Nomor call center nya kaya di atur yaa mati mati TERUS biar CUSTOMER GAK BISA NYAMPEIN KOMPLAINANNYA. EMANG BR*NGS*K LU YA!!,1,0,,2022-01-26 02:06:59,,,2022-01-26,02:06:59
48,gp:AOqpTOGiehhy2CcWkuam0nUgTZfZ1DlpotuEulrcqJV80eJ-aO7mz_IRSAS2ecMcsbqr_3V7WGHWU9r8odTD5A,Bluerim Conqueror,https://play-lh.googleusercontent.com/a/AATXAJxk51_nctTMkV43SNiz37OWhXgbeoUvKkRrxPrz=mo,Lelet bnyk bug ga jelas,1,0,,2022-01-26 02:06:51,,,2022-01-26,02:06:51
49,gp:AOqpTOEu2zLgrNN8cGK3_BDfPfdvtVNuaDX2TfGz4PP-n1agmoN-3AFk4s1KIeiJJMfbGEEw5HRQAdJk3D4WvQ,nickodemus mese,https://play-lh.googleusercontent.com/a-/AOh14Gjsk1ZRL1phJhZPsCzeeJ08dhdp8gS9Hu_n1ZveXA,"udah berapa bulan coba, nomor indihome salah terus. padahal sudah betul. kalau jadinya eror, lebih baik aplikasinya jgn di update. yg versi sblmnya lbh bagus",1,5,4.1.6,2022-01-26 02:01:56,"Hi Kak Nickodemus, terima kasih utk review dan masukan Anda. Kami mohon maaf atas ketidaknyamanan yang Anda alami. Sebagai komitmen untuk selalu memberikan pelayanan dan pengalaman pelanggan terbaik, myIndiHome terus melakukan perbaikan. Infokan detail kendala di form berikut: https://bit.ly/myihreview atau hub 147 atau DM FB/ Twitter @IndiHomeCare",2022-01-26 05:38:39,2022-01-26,02:01:56
50,gp:AOqpTOE-LcdOnvRGrrpvDiapndzZuTfDvT_G3xmxkazlff75tjMGVir9b3XBp_3X81IY-oUQqdDkUD-4h4ddCg,Swis Rohmana,https://play-lh.googleusercontent.com/a-/AOh14GjOMGIaY2f3j8glW2dVaFoSL0S6nUSAmMdVxBqeIw,"Aplikasi lemot ga bisa upgrade paket dan speed on demand, ditelp buat upgrade speed malah disuruh via app, aplikasinya ga bisa digunakan, akses via website sama aja",1,0,1.5.18,2022-01-26 01:43:22,,,2022-01-26,01:43:22
51,gp:AOqpTOGjNTeXzdFIaSHv7fYp9R5CNYI4A5Tj_IoZ3GRWTT6-nkqKbpYvhpm_JlQO4JseAu6_ua6MYL5OmREJVw,Rifa Boneti,https://play-lh.googleusercontent.com/a-/AOh14GjTscsxuasyLvxHrPy40k2hoPK0CXXuzRRto3cnaQ,"Bad üëé,Bertambah Buruk Layanan IndiHome,Aplikasi Tidak Jelas,Super Sulit Login... Gimana Mau Kasih Bintang 5 Kalau Ada Bintang 0 Aku Kasih Bintang 0",1,0,4.1.4,2022-01-24 23:41:41,"Hi Rifa, thanks for your review and we're sorry for the inconvenience. Please report this finding directly through this form https://bit.ly/myihreview. We truly appreciate you for taking the time to leave us this feedback.",2021-12-03 23:47:15,2022-01-24,23:41:41
52,gp:AOqpTOFRSqP0xQp9MXTFqpbp3k8XFbb9trZ71D_sToXy-yW1GJbkHiC9dEH_A-XjDlus58E9myxnZxFG_Ja3KQ,Alma Affandie,https://play-lh.googleusercontent.com/a-/AOh14Ggx6teXprz7dvYlEmSQJDsIIa3YUuwCxkfDOYlL4Q,"Mungkin seharusnya bintang disini adalah untuk aplikasi, namun saya memberi bintang ini untuk layanan dari indihome yang buruk. Uang deposit yang seharusnya dikembalikan pada saat berhenti langganan tidak kunjung direfund bahkan setelah tahun sudah berganti. Tanggapan customer care setiap hari selalu sama selama berbulan-bulan.",1,0,3.85.006,2022-01-24 23:34:47,,,2022-01-24,23:34:47
53,gp:AOqpTOHUA30wlmtobeHL2eWcVfebPQFvV-_8Yb008IwXysqpLh03YQMTQk1wfFUsSBt-4wr3he-eMkHlq1o14A,Elix Jenggot,https://play-lh.googleusercontent.com/a-/AOh14Gh5bfDR2sXpwalOVSKQS5z3-QL-Thz_von4bxae,"Aplikasi my indihome setelah update malah semakin jelek,,sdh berapa hari belum di bisa gunakan,",1,0,4.1.6,2022-01-24 23:21:39,"Hi Kak Elix, terima kasih utk review dan masukan Anda. Kami mohon maaf atas ketidaknyamanan yang Anda alami. Sebagai komitmen untuk selalu memberikan pelayanan dan pengalaman pelanggan terbaik, myIndiHome terus melakukan perbaikan. Infokan detail kendala di form berikut: https://bit.ly/myihreview atau hub 147 atau DM FB/ Twitter @IndiHomeCare",2022-01-25 01:12:16,2022-01-24,23:21:39
54,gp:AOqpTOE6dNPkQiwPNc9YaomnZuRZk2P0MR15x9IrNIlc65o08NcOZUS4_ua6-cpRtmvhxlS-vlM3xgSNiZ0H5Q,Deva Octa Nugraha,https://play-lh.googleusercontent.com/a-/AOh14GgS4iY35TJb03PEj9_s-nMlKZPrXkle3NM569WYRg,"Pngn ngsih b kosong g bisa_- dh updte ke 20mps pdhl internet msih lambat, mau ngadu ke apkny eh malah lebih parah produk lokal bnyk kelemahan ya guys",1,0,4.1.6,2022-01-24 23:15:55,"Jika mengalami kendala di layanan IndiHome, silakan hubungi rekan kami di Facebook atau Twitter @TelkomCare dan infokan detil kendalanya. Rekan kami siap membantu Anda. Terima kasih.",2019-05-14 03:40:20,2022-01-24,23:15:55
55,gp:AOqpTOG1v1SlUeZtwlzJPWQWCfLkSMu5CjKb2G5cWyxXgP9pZDwGlfrocox7Rer7w8lxrCRTdO6R69E92f7PEA,Agun Gunawan,https://play-lh.googleusercontent.com/a-/AOh14Gi0xXhUXfEYKubf3XZGddahcDNBlaW0rljl4DBd6w,Ok,1,0,4.1.6,2022-01-24 21:51:38,"Hi Kak Agun, terima kasih utk review dan masukan Anda. Kami mohon maaf atas ketidaknyamanan yang Anda alami. Sebagai komitmen untuk selalu memberikan pelayanan dan pengalaman pelanggan terbaik, myIndiHome terus melakukan perbaikan. Infokan detail kendala di form berikut: https://bit.ly/myihreview atau hub 147 atau DM FB/ Twitter @IndiHomeCare",2022-01-25 01:11:27,2022-01-24,21:51:38
56,gp:AOqpTOE-oMaa-i1IQK0pAxxG48Rthx-QQ7dVLNQ5s2Dim8919GVYEp-ugiTQVS05vvtGDoQuWDfG2shKLHfNbQ,Alfa king's_official,https://play-lh.googleusercontent.com/a-/AOh14GiZtzfDBFOFTSN-Gd7hCUxj0eGBI_N_viNLku213w,Kenapa di daerah saya... Desa baledono kec tosari kab pasuruan... Wifi IndiHome... Lemot bgt... Dan saya sudah beli renew speed 1 minggu.. Ud bayar tp masih gk aktif...ud ke fitur pengaduan pelayanan... Tp gk di gubris oleh petugas,2,1,4.1.6,2022-01-24 20:51:33,"Hai, Kak Alfa. Jika kendalanya masih berlanjut, segera laporkan melalui fitur Pengaduan Layanan aplikasi myIndiHome ya. Informasikan detail masalah pada kolom tersedia, lalu ikuti instruksi yang ada hingga Kakak mendapatkan nomor tiket laporannya. Dengan demikian, petugas kami dapat menindaklanjuti perbaikan yang dibutuhkan secepatnya.",2021-10-01 08:12:05,2022-01-24,20:51:33
57,gp:AOqpTOF0MYaKbLlp1dWtsK11948Zf-JQ_nDI84LuqEDkmrDK_JYhK9TGs4JJobW6T-qSsafdXbLjhht2fOCsgw,Sugiarto Munandar,https://play-lh.googleusercontent.com/a-/AOh14GhhuURQGHoKWPgUYH_Ysvyy1kkZzpgeWrQRxopa,membantu,5,0,,2022-01-24 16:44:15,,,2022-01-24,16:44:15
58,gp:AOqpTOEO5EZWCd0jX5KKJML4SrWu7oMTn_WMeeBd8_xwQEUC76wYVGAq6KyV2mnn2dMjb4CC0WRs_Ivf5zSfgQ,Hartina Syahrul,https://play-lh.googleusercontent.com/a-/AOh14Gj6cv0zQ0oQBCUwUx4aZxlpNb2SZU0R_QqlMAqVcdE,"Min....tgl 19 td saya sdh melakukan pembayaran....tapi knp saya masih di tagih2 .... Saya cek di aplikasi , bulan ini sdh di bayar ... berarti pembayaran saya masuk kn. Truuuuuus Knp saya di tagih di jam tengah mlm beginiiiiiii",3,0,4.1.5,2022-01-24 16:04:08,"Hi Kak Hartina, terima kasih utk review dan masukan Anda. Kami mohon maaf atas ketidaknyamanan yang Anda alami. Sebagai komitmen untuk selalu memberikan pelayanan dan pengalaman pelanggan terbaik, myIndiHome terus melakukan perbaikan. Infokan detail kendala di form berikut: https://bit.ly/myihreview atau hub 147 atau DM FB/ Twitter @IndiHomeCare",2022-01-25 01:11:04,2022-01-24,16:04:08
59,gp:AOqpTOHZVlENO1_jTV44_f3CMsTLaA4u48IShFBk0v3zTgAICfwSFRbHzORERN4k9SlQozb-STs0-ya0iWPVTw,Andriana Andri,https://play-lh.googleusercontent.com/a-/AOh14GjX0-_7ETGdLKVm-nKyK_IAvFxP_LXnbyRF2EJ2Dg,Hari ini beberapa aplikasi server pulsa tidak bisa konek. Ternyata masalahnya adalah fitur IPV6 Indihome dalam keadaan aktif. Setelah IPV6 dimatikan koneksi jadi lancar lagi.,5,11,4.1.6,2022-01-24 15:16:16,"Halo, Kak Andriana. Untuk dapat rekan kami bantu pengecekan lebih lanjut, harap informasikan nomor layanan IndiHome Kakak melalui Direct Message Facebook atau Twitter @IndiHomeCare terlebih dahulu ya. Rekan kami akan selalu siap membantu Kakak. Terima kasih.",2021-09-23 04:59:44,2022-01-24,15:16:16
60,gp:AOqpTOHbl9yPDAu4H8aeNPj_uQA1JnCYh15hKkPGumIoL15c-ld_M6PTjY4ejl6f-cl9gXD3nwfZfYtG-yxXhQ,Getar Swara Bhakti,https://play-lh.googleusercontent.com/a-/AOh14Gg1Okm3RtJoBVnRCDCsjRHMs0vKJjbsV31fPZ5F_Q,sinyal sering hilang saat menautkan portabel HP ke laptop,1,0,,2022-01-24 15:07:50,,,2022-01-24,15:07:50
61,gp:AOqpTOEL5KSfdfETUablK7jesHB-kWo5Y9bQ-BInOEqgKgtwW0oBgz4h_I5Fe8yCg61tjdXjh9DjIQ_Udvzs1g,budie teguh,https://play-lh.googleusercontent.com/a-/AOh14GhcWriNyDVuSmuyHcKR4Zr0yN-5s42lBWUalKHy,Makin lemoot ajaa üëé,3,0,3.85.006,2022-01-24 14:39:06,,,2022-01-24,14:39:06
62,gp:AOqpTOHWkXhAgC8MNtp7q7Kfvcbg9Ic5LNVjgz7FDm3djMg8QKrAwk1TTQ6e4Zv-EkBDWuBpOZ_fyUKTTxrSCg,Nopiyanto HN,https://play-lh.googleusercontent.com/a-/AOh14GhspaKBjSuudP0wE7F_LyPnvMY_MQTrxcSv9CsJTA,"Dimana saya bisa hubungi indihome minimalnya di kasih jawaban yang puas .. saya wa engga di bales saya wa nanti nanti dan nanti, tolong",1,1,4.1.6,2022-01-24 14:03:35,"Hi Kak Nopiyanto, terima kasih utk review dan masukan Anda. Kami mohon maaf atas ketidaknyamanan yang Anda alami. Sebagai komitmen untuk selalu memberikan pelayanan dan pengalaman pelanggan terbaik, myIndiHome terus melakukan perbaikan. Infokan detail kendala di form berikut: https://bit.ly/myihreview atau hub 147 atau DM FB/ Twitter @IndiHomeCare",2022-01-24 15:37:01,2022-01-24,14:03:35
63,gp:AOqpTOGtbdH1VWM3yIhdODGK3N0sqvADTHJJ4hvdbOtw7WaNm1x--otfPtnDzvOtpUuSb7_d3EN9q2xlrCuJBA,Andy Hasan Alavi,https://play-lh.googleusercontent.com/a-/AOh14GjM_VkdM6CVzdQctGmil3g7zSabeFkMCS402x8,Jaringan asw ngentod babi,1,0,,2022-01-24 13:22:10,"Halo, Kak. Segera lakukan pelaporan terhadap jaringan yang berkendala melalui fitur Pengaduan Layanan aplikasi myIndiHome. Perbaikan jaringan akan dilakukan petugas lapangan kami setelah laporan Kakak diterima. Terima kasih dan selamat melanjutkan aktivitas kembali.",2021-04-07 09:48:55,2022-01-24,13:22:10
64,gp:AOqpTOFmWr0UEgoKH-5Msqi8uYLu2Lao6pxf66FjR7oRQ0KJIbLkKN7sdnDfeziFrrP-1Zy6MCqz3VASPUJ55g,Alan Rian,https://play-lh.googleusercontent.com/a-/AOh14GijD9YEIimt7nUzUZScCxoF2ZVphzntrFejf98F4A,Mantap,5,0,3.85.007,2022-01-24 13:18:33,,,2022-01-24,13:18:33
65,gp:AOqpTOFTehh6S7_A3RsQdWlR8HCwGO-iP-9nnuawGZF8eYTePvWtIcsjVVvlYFZ6iJ9R8pldTSEuzD83bd_xXA,yogga refaldi,https://play-lh.googleusercontent.com/a/AATXAJyemFCcuymAKixg0Yk7GtIbL9PQoCxi3i2eqLXN=mo,"Mohon maaf kak, minta tolong perbaiki jaringan indihome dirumah saya daerah mojosongo karanganyar, bayar mahal"" jaringan buruk setiap hari, saya sudah lapor sama teknisi tidak ada kelanjutannya.",5,0,,2022-01-24 12:29:27,,,2022-01-24,12:29:27
66,gp:AOqpTOEW54IPlY5xh48vppg2Up08h9o3WzvzZqvqlBISNmumSpG6QdIaNAivypQRgAcEWPSjqiBQSYT1giboKg,rizahbayu susanto,https://play-lh.googleusercontent.com/a/AATXAJyumOW_VviJ2btLALILDFjJDmZ5MEHHMt1rSnZ2=mo,"burux, lelet, mahal,",1,0,4.1.6,2022-01-24 12:25:38,"Hi Kak Rizahbayu, terima kasih utk review dan masukan Anda. Kami mohon maaf atas ketidaknyamanan yang Anda alami. Sebagai komitmen untuk selalu memberikan pelayanan dan pengalaman pelanggan terbaik, myIndiHome terus melakukan perbaikan. Infokan detail kendala di form berikut: https://bit.ly/myihreview atau hub 147 atau DM FB/ Twitter @IndiHomeCare",2022-01-24 15:36:46,2022-01-24,12:25:38
67,gp:AOqpTOHq8DaRCBTDrCDiUGMvM9vf65WT_H8OwxQWJWWM2RstluIPvG8HSoMp0tU0QQnF50dHnzolkF1a0xPRCw,mm mm,https://play-lh.googleusercontent.com/a-/AOh14GhAmTBMee7iRZDxe_mSPVeCNcVF6rCOqDWj7Sdh8Q,"tambah layanan bisa via aplikasi , pencabutan layanan tidak bisa , apa bedanya ? terlalu mahal tidak sesuai dengan kualitas",1,1,4.1.6,2022-01-24 12:18:50,"Hi Kak, terima kasih utk review dan masukan Anda. Kami mohon maaf atas ketidaknyamanan yang Anda alami. Sebagai komitmen untuk selalu memberikan pelayanan dan pengalaman pelanggan terbaik, myIndiHome terus melakukan perbaikan. Infokan detail kendala di form berikut: https://bit.ly/myihreview atau hub 147 atau DM FB/ Twitter @IndiHomeCare",2022-01-24 15:36:32,2022-01-24,12:18:50
68,gp:AOqpTOEdeun-0SqMN79Zg8aEfzMi4i7cFk_mSILZKJ-Osh9i5YgLSIt7D2mwAT1JfMBnAkaNZLffggJJ1733xg,Bung Subur,https://play-lh.googleusercontent.com/a/AATXAJzrhFOQ-A8WchEGevaKVWvBVc8Wlzj4G3rIBAnV=mo,Sering mati internet,3,0,,2022-01-24 12:04:24,,,2022-01-24,12:04:24
69,gp:AOqpTOFcCWcA1JozeFOnZVdnrDWsDDlxLAWNf8J9AEJt3EweiB22ghd3k1jMcHo_mw0z-H1ew0xF85oXonbIdQ,Muhammad Syarif Hidayatullah,https://play-lh.googleusercontent.com/a-/AOh14GjZHsW9YfWsy_EF_2NwY1QgWTQuRlS5NBSxiXtmVw,Fast Resposn. Good Job,5,0,4.1.6,2022-01-24 11:48:40,"Hai Kak Muhammad, mohon maaf atas ketidaknyamanannya, mohon kirimkan nomor tiket laporan kakak melalui Facebook dan Twitter kami @IndiHome, rekan kami siap membantu Anda",2020-06-02 06:59:59,2022-01-24,11:48:40
70,gp:AOqpTOEsSSu9bkr5FfkqrblC6MrlroKEb_ZuGqk0TMMmtJJCIpFILbix_za5yyAAHGrA-EfEmwIekeZ-2Bt_mg,syarip reflexi,https://play-lh.googleusercontent.com/a-/AOh14GgFKiRmJ5ldDjfyq9wJLoREKZJW2HQqvp8wSI1l-A,sangat membantu,5,0,,2022-01-24 11:16:55,,,2022-01-24,11:16:55
71,gp:AOqpTOGEI3IKF95xIwZKPoBlQBaHM7-nWgXDd6JNkNaCmq7BMPhexdiu865D-af8sv-SIU1jPkTa8_QmiSIyfg,AGUS RASPATI,https://play-lh.googleusercontent.com/a/AATXAJwVJn1eS60S1Tjw6pkrTxuEbLVPDK9bUMPVN0b9=mo,"Kenapa akhir2 ini lemotnya minta ampun, tidak stabil.....",3,1,4.1.6,2022-01-24 10:55:18,"Hi Kak Agus, terima kasih utk review dan masukan Anda. Kami mohon maaf atas ketidaknyamanan yang Anda alami. Sebagai komitmen untuk selalu memberikan pelayanan dan pengalaman pelanggan terbaik, myIndiHome terus melakukan perbaikan. Infokan detail kendala di form berikut: https://bit.ly/myihreview atau hub 147 atau DM FB/ Twitter @IndiHomeCare",2022-01-24 12:06:27,2022-01-24,10:55:18
72,gp:AOqpTOF7XMCx9NPGR-UP9I-7Y49j5PaGkBw1ly1YQEXnGPM960R45VEp2eXRu1yqePxoKCUhLcgcgLCEZQXHhQ,ions suyono,https://play-lh.googleusercontent.com/a/AATXAJxSAXoOiIQYcqqwDmL1Sa7HOakl0Xk9ewpV2SNw=mo,Jayalah telkom indonesia,5,0,4.1.6,2022-01-24 10:37:41,,,2022-01-24,10:37:41
73,gp:AOqpTOEuuF149uu00jvEYOhC0Jwx0WKhwQplHTjujv0rmhpHRDF8BPRTbOGdSHzlrvYVn28yiHwELwTwqa_7OQ,Fajar / Aldian,https://play-lh.googleusercontent.com/a-/AOh14GginqkEVbamYH5go3DEK_HsozLv8u9Oj4OTu23pUg,Astagfirullah,3,0,,2022-01-24 10:00:24,,,2022-01-24,10:00:24
74,gp:AOqpTOG44jBPBRqIgDUDDR_rYqXzC4TnQJeTUDprMHYpNUcsofI4NfVYl0WY1qkFvRQ5MLB_6XmdUd0zBdIQlg,Kristian Ekachandra,https://play-lh.googleusercontent.com/a-/AOh14Giv1vKW9fkBguAcqHr1ne2Vc8TGJN8L31QwgQkTDg,"Mau lapor kendala malah diarahan untuk restart, aplikasi makin lelet aja. Buka di website juga sama leletnya. Belakangan ini indihome kenapa sih lelet internrtnya pingnya tinggi mau buka apa¬≤ susah, mau nonton putus putus bahkan buffering bisa sampe hitungan menit. Hadehhhhh, padahal udah upgrade speed kirain makin cepet, ternyata gak ada beda, malah ping makin parah dan sering putus putus.",1,2,4.1.6,2022-01-24 10:00:23,"Hai, Kak Kristian. Terima kasih sudah menginfokan pengalaman Kakak tentang myIndiHome versi terbaru. Masukan Kakak selalu kami jadikan acuan perbaikan dan peningkatan kualitas pelayanan agar pelanggan dapat lebih aman dan nyaman menggunakan myIndiHome. Selamat menikmati kemudahan akses informasi dan transaksi Kakak ya.",2020-07-06 09:36:48,2022-01-24,10:00:23
75,gp:AOqpTOFZTms0MJNwp0uM6eNowgdcK1aEWoKIxWf8An6A3Em6jRznHiyLspDhuZwf2rfbYgpPuVvEed0Pk-HRZg,imam faruqi,https://play-lh.googleusercontent.com/a-/AOh14Gi-N2KXVjdqPGhL_pH4C23jNF-syffMeEeOrNg35g,aplikasi bosok makin di update makin goblog aplikasi nya. masa gak bisa nambah nmr indihome. buka pun super lambat,1,0,4.1.6,2022-01-24 09:37:21,"Hi Kak Imam, terima kasih utk review dan masukan Anda. Kami mohon maaf atas ketidaknyamanan yang Anda alami. Sebagai komitmen untuk selalu memberikan pelayanan dan pengalaman pelanggan terbaik, myIndiHome terus melakukan perbaikan. Infokan detail kendala di form berikut: https://bit.ly/myihreview atau hub 147 atau DM FB/ Twitter @IndiHomeCare",2022-01-24 12:06:13,2022-01-24,09:37:21
76,gp:AOqpTOHZAzhVrseo8lszwf7rAFoO93nC4mly9HKoB5OZ-CDsaAKoeenhqTsL9ahrgPSBKZXlZ8_RsAxEsdcI0g,Damar Panji,https://play-lh.googleusercontent.com/a-/AOh14GgdQxgYvBh0GZduLHPRSXikyuVMieWCRX2XUeInlw,"Makin kesini makin kacau, aplikasinya ga bener, pelayanan internetnya payah. bukannya menunjang orang mencari rezeki, malah mempersulit. Gangguan tiap hari!!! hebat sekali anda IndiHome, tidak reliable sama sekali!!! isinya orang-orang inkompeten atau gimana sih ini?!?!??! malu maluin",1,46,4.1.6,2022-01-24 08:37:03,"Hi Kak Damar, terima kasih utk review dan masukan Anda. Kami mohon maaf atas ketidaknyamanan yang Anda alami. Sebagai komitmen untuk selalu memberikan pelayanan dan pengalaman pelanggan terbaik, myIndiHome terus melakukan perbaikan. Infokan detail kendala di form berikut: https://bit.ly/myihreview atau hub 147 atau DM FB/ Twitter @IndiHomeCare",2022-01-14 10:35:33,2022-01-24,08:37:03
77,gp:AOqpTOFfw55SclPGNzydKMNk066UdQoPb51tqANrPGzIj235rjZTSQtLdvuJhQI4opgwFgU1yha1MEVbSA56DA,Habi nata,https://play-lh.googleusercontent.com/a-/AOh14GhjYG2xJV1cz92NkeWvTPrUHkbRUBlcbouClzlw,"Aplikasinua payah, fitur nya banyak ga bisa di pake, informasinya tidak sesuai kecuali IKLAN nya.",1,1,4.1.6,2022-01-24 08:20:31,"Hi Kak Habi, terima kasih utk review dan masukan Anda. Kami mohon maaf atas ketidaknyamanan yang Anda alami. Sebagai komitmen untuk selalu memberikan pelayanan dan pengalaman pelanggan terbaik, myIndiHome terus melakukan perbaikan. Infokan detail kendala di form berikut: https://bit.ly/myihreview atau hub 147 atau DM FB/ Twitter @IndiHomeCare",2022-01-24 09:11:16,2022-01-24,08:20:31
78,gp:AOqpTOEwOrSK8cV3T3luUBdrNzklETtg6TT_HCfuIDnenRbLgipqpepHk9-QD0S29wl5pgio8rg--VGOfRjiSg,Fauzi Sultoni As Ad,https://play-lh.googleusercontent.com/a-/AOh14GgA27FYfeNDxc2NWuZIyO_1Vsmu1Mg0pv2xl9uo,"Internet tidak stabil. Kadang cepat dan lngsung down kecepatannya. Alhasil buat main game yg btuh internet stabil malah lag terus. Terus apknya ini bug nya bnyak, suka eror.",2,1,4.1.6,2022-01-24 08:09:51,"Hi Kak Fauzi, terima kasih utk review dan masukan Anda. Kami mohon maaf atas ketidaknyamanan yang Anda alami. Sebagai komitmen untuk selalu memberikan pelayanan dan pengalaman pelanggan terbaik, myIndiHome terus melakukan perbaikan. Infokan detail kendala di form berikut: https://bit.ly/myihreview atau hub 147 atau DM FB/ Twitter @IndiHomeCare",2022-01-24 09:11:06,2022-01-24,08:09:51
79,gp:AOqpTOH-XF-4tr3DbUJQM8tazycUatv5u2CzlpUmXcTBDS6ZK8wtqeDCx08dOsyXv-GVCfPjZmODN5kemF-leg,Eza Dwiyuli,https://play-lh.googleusercontent.com/a-/AOh14Gh6I_gWmOES-VW6lHGvoBS58xtJZCFB6_bPMt91,"Mending pindah jaringan, buat main game aja ngeleh MasyaAllah, apaan buat orang marah aja, bayar ngk pernah telat, tapi buat main ngeleg, setiap main ngeleg, ngk pernah gtu jaringan bagus dikit, mending pakak data, percuma pake wifi, NGELEG",1,0,,2022-01-24 08:05:17,,,2022-01-24,08:05:17
80,gp:AOqpTOGoD5efKdnJ88vg-2OuwNr0LG-6NlfUx5DyBk9aJ3VVx2KZvOmIrs6Bm5NoxabK-zO7Nz6zqa5eWcFUWQ,MADINA CHANEL18,https://play-lh.googleusercontent.com/a-/AOh14GgblibHMb-gg8Lnu_PZc22BENghaPLQc-bdVjNF8g,versi terbaru sangat susah untuk upgrade fup renew speed.jadi usaha kami sangat terhambat.mohon infonya..untuk bisa renew speed. selain dari my indihome,1,0,4.1.6,2022-01-24 07:57:06,"Hi Kak Madina, terima kasih utk review dan masukan Anda. Kami mohon maaf atas ketidaknyamanan yang Anda alami. Sebagai komitmen untuk selalu memberikan pelayanan dan pengalaman pelanggan terbaik, myIndiHome terus melakukan perbaikan. Infokan detail kendala di form berikut: https://bit.ly/myihreview atau hub 147 atau DM FB/ Twitter @IndiHomeCare",2021-11-09 02:26:24,2022-01-24,07:57:06
81,gp:AOqpTOHj9tZA1VrJMQyJbp_iYzmqKUSZ9JUCm8jUlYGG4xA1t63-VaeYoLC5IuBTH67HrjaGNes4os5KZexDwA,Luthfi Salfa,https://play-lh.googleusercontent.com/a-/AOh14Gi1iTf7LWzDtKz4VMtiiOjKSrMBe7dr4Y4pPjQhrg,Saya baca baca setiap yg komentar..kok jawabannya gitu gtu saja...heheheh...,5,0,4.1.6,2022-01-24 07:33:25,,,2022-01-24,07:33:25
82,gp:AOqpTOGaVPiQBR30RhN5a1ZHChCPbNxYqvnaAIcbHZuNu46LiwoPr-M5PovKYkmlAgXbKM67-pQ1c4sX0a8kuQ,printo art,https://play-lh.googleusercontent.com/a-/AOh14GjVsw-S0PCOdnGdk4cEtQV3uJpu8ycT5Dr_HFjO,"saia sudah pernah info,klo kabel optik yg menuju ke rumah saya terlalu dekat pohon,jadi skrg sesudah hujan plus angin kencang,kabel kajatuhan ranting pohon,,kabel kendur & kadang internet putus nyambung,, mohon di beri arahan yg bagus utk team lapangan,biar tidak sembrono dalam bertugas",2,3,4.1.6,2022-01-24 06:55:18,"Hi Kak Printo, terima kasih utk review dan masukan Anda. Kami mohon maaf atas ketidaknyamanan yang Anda alami. Sebagai komitmen untuk selalu memberikan pelayanan dan pengalaman pelanggan terbaik, myIndiHome terus melakukan perbaikan. Infokan detail kendala di form berikut: https://bit.ly/myihreview atau hub 147 atau DM FB/ Twitter @IndiHomeCare",2022-01-24 07:01:57,2022-01-24,06:55:18
83,gp:AOqpTOEw8njRNW-uEuah1gYavGbo7oZt2Sr8R9_L9zJ4scsuekW5pHLJUbESVgJBTpAdPbre2TOSy59zltJFfw,Herma Yanti,https://play-lh.googleusercontent.com/a/AATXAJzpx2d-u1lvaX0bYWqzr_d8_Ygbkm60SUNT0_iM=mo,Bikin laporan di verifikasi dlu ke email dengan mengirim kode katanya tp di tunggu2 gak ada email nya tuh,1,0,4.1.6,2022-01-24 06:37:21,"Hi Kak Herma, terima kasih utk review dan masukan Anda. Kami mohon maaf atas ketidaknyamanan yang Anda alami. Sebagai komitmen untuk selalu memberikan pelayanan dan pengalaman pelanggan terbaik, myIndiHome terus melakukan perbaikan. Infokan detail kendala di form berikut: https://bit.ly/myihreview atau hub 147 atau DM FB/ Twitter @IndiHomeCare",2022-01-24 07:01:47,2022-01-24,06:37:21
84,gp:AOqpTOGFIkAP0YUxACPnvLLDO8W9xeOE5Arxdtk6kxKL4avCVErAMYf9Ba8oQyoDd-LDJAGFXtTF_DwvUnYW5A,FANz-22 yt,https://play-lh.googleusercontent.com/a-/AOh14GgyxZgsnujUXxxfK967SsIwCEdV-8n_FW7j62-p3Q,"Hampir 2 minggu ini indihome parah banget naik turun,lapor ke cs ya cuma di kasih screenshot hasil pelurusan,tapi gak ada perubahan.",2,1,4.1.6,2022-01-24 06:01:17,"Hi Kak, terima kasih utk review dan masukan Anda. Kami mohon maaf atas ketidaknyamanan yang Anda alami. Sebagai komitmen untuk selalu memberikan pelayanan dan pengalaman pelanggan terbaik, myIndiHome terus melakukan perbaikan. Infokan detail kendala di form berikut: https://bit.ly/myihreview atau hub 147 atau DM FB/ Twitter @IndiHomeCare",2022-01-24 07:01:27,2022-01-24,06:01:17
85,gp:AOqpTOGN83tZwKgK7BLHu9eRdhJrX9q7uresfROMVnUBldvyd73NP91NMPmWmBJ-P4K_o_fgIoVTMxT0n82efw,mujiono mujiono,https://play-lh.googleusercontent.com/a/AATXAJwZLaojuJct3u-rgZ5uJ_oFb2zRZUODRav9Nznr=mo,"Mau login my indihome ko ngga bisa2 ini, payah sekali indihome",1,0,4.1.6,2022-01-24 05:50:43,"Hi Kak Mujiono, terima kasih utk review dan masukan Anda. Kami mohon maaf atas ketidaknyamanan yang Anda alami. Sebagai komitmen untuk selalu memberikan pelayanan dan pengalaman pelanggan terbaik, myIndiHome terus melakukan perbaikan. Infokan detail kendala di form berikut: https://bit.ly/myihreview atau hub 147 atau DM FB/ Twitter @IndiHomeCare",2022-01-24 06:58:20,2022-01-24,05:50:43
86,gp:AOqpTOF9t4x9bW5vvjkGT9S-ss8posaHq9T6AUHYnbpUFH-4fYr8_3I8YN1qMFDoyq6T3UDA5iYc4DY2cfEq8Q,Roblox 123,https://play-lh.googleusercontent.com/a/AATXAJzm9jm3Ac4_JhH8AQPIu64jJ2qbjJMuaVVA_ZA=mo,Jaringannya jelek,1,0,,2022-01-24 05:43:14,,,2022-01-24,05:43:14
87,gp:AOqpTOED2vYiEo_iiOYuDhn77L-2h0TsaomvUvq2IeMpKLphi750p12pY1n1L97nwWP16ZNxhffkPgM5azr6_g,Zero Flasher,https://play-lh.googleusercontent.com/a-/AOh14GiS9uaUtUFEOtkcJY7eo9XrichlS87378Y--Ycb4A,"Aplikasi jelek, tidak memudahkan malah menyusahkan, tolong d perbaiki agar pengguna dapat mengetahui info yang di butuhkan dg cepat",1,1,4.1.6,2022-01-24 05:19:06,"Hi Kak Zero, terima kasih utk review dan masukan Anda. Kami mohon maaf atas ketidaknyamanan yang Anda alami. Sebagai komitmen untuk selalu memberikan pelayanan dan pengalaman pelanggan terbaik, myIndiHome terus melakukan perbaikan. Infokan detail kendala di form berikut: https://bit.ly/myihreview atau hub 147 atau DM FB/ Twitter @IndiHomeCare",2022-01-24 06:58:03,2022-01-24,05:19:06
88,gp:AOqpTOHlUEnPUWftTa6xyUXpCsMyfI8xblhb2BAoxL5GvLbgQka_9sBU2nbAWfZnW7oghOKI_0mE_C29iUDb4w,Kurnia Syurada,https://play-lh.googleusercontent.com/a/AATXAJwd-xFptFsbFYafKpH5MIiJDb3vrTPlHqCEfRUk=mo,Login susah sekaliii bos,1,0,4.1.6,2022-01-24 05:16:51,"Hi Kak Kurnia, terima kasih utk review dan masukan Anda. Kami mohon maaf atas ketidaknyamanan yang Anda alami. Sebagai komitmen untuk selalu memberikan pelayanan dan pengalaman pelanggan terbaik, myIndiHome terus melakukan perbaikan. Infokan detail kendala di form berikut: https://bit.ly/myihreview atau hub 147 atau DM FB/ Twitter @IndiHomeCare",2022-01-24 06:57:38,2022-01-24,05:16:51
89,gp:AOqpTOGyjalXR4Wr2jVesSojB68yhaxNwgtI10fMbWB1bBEnx6n2RJwPw23pj1Xqp0zi9FH-5DR6hwqJc5OzQg,M.Zaini Khair,https://play-lh.googleusercontent.com/a/AATXAJxfkKOz7_ENGLBY35HpGnYlGuXGcheFtIU-C1gm=mo,"ini knp ya udh 5 hari jaringannya lambat banget, udah bayar mahal mahal, tapi jaringan nya jelek banget jadi susah buat belajar, kalo bisa gak usah bayar mahal mahal kalo jaringannya jelek banget.",1,0,,2022-01-24 05:07:32,,,2022-01-24,05:07:32
90,gp:AOqpTOHwgtPbkBA_fSsoWf8ApVDysOinajvGcZLEDDzl79Pv-JiEeUZxN9yGlXTvuN8nD-fbPEtOYfL5ewAg8Q,Kholik,https://play-lh.googleusercontent.com/a-/AOh14GhUvDGPZpCrL_7mT6A9Wf111SDyBOYSgSBX6ofO9QE,"aplikasi lont, mau masuk aja susah, orng lg gangguan kek gini anjg emng",1,0,4.1.6,2022-01-24 04:40:48,"Hi Kak Kholik, terima kasih utk review dan masukan Anda. Kami mohon maaf atas ketidaknyamanan yang Anda alami. Sebagai komitmen untuk selalu memberikan pelayanan dan pengalaman pelanggan terbaik, myIndiHome terus melakukan perbaikan. Infokan detail kendala di form berikut: https://bit.ly/myihreview atau hub 147 atau DM FB/ Twitter @IndiHomeCare",2022-01-24 06:57:28,2022-01-24,04:40:48
91,gp:AOqpTOGNwrF9429jvQpeJ9w7Kqrex2Odb5K8k0w8YHj52RgzmmjJX99cWpOAq3LEFnRgzzI8owjvuZaSj-uhDQ,Ahmad Azhari,https://play-lh.googleusercontent.com/a-/AOh14GiobOet2PUsIgkKEJst-yQQKhZN1cRwTgyV1FJM,Lemot,1,0,3.85.006,2022-01-24 04:12:01,,,2022-01-24,04:12:01
92,gp:AOqpTOHnHH9PV_Dm0UrdIt1Qse5ubNc33x8bGfCfGuOxBld_RdyA0DtJ31D_EeM2jSu6XR9jA54kCtJerCLOwA,Martino Mauza,https://play-lh.googleusercontent.com/a-/AOh14GgYycV5O9_kCCehNontzhoZApRc2HVqFErkMWLf6Q,Tidak membantu dan tidak memberikan solusi semua masalah di selesaikan dengan restart modem aneh,1,0,,2022-01-24 03:20:56,,,2022-01-24,03:20:56
93,gp:AOqpTOGastLJkgzP7d-qjNz90dWfJcurCZ7SN6rBiZq3S6JTbdp4ex3gmq0_KtxPfIUbopG24bySFN7ab1uPDw,Surip Oke,https://play-lh.googleusercontent.com/a/AATXAJzY-704TnsEA251G4M-M6mWIPiAW5wceodZOU1C=mo,Penangan komplen sangat lambat. Sy komplen dt tgl 20 januari sampe tgl skg belom ada perbaikan sama sekali. Tpn cs tiap hari jawabannya nunggu melulu.lg di folwaup melulu. Tolong dong ada masalh gerak cepat.bayar mah hrs tepat waktu. Tpi pelayanan jjekek,1,0,,2022-01-24 02:32:54,,,2022-01-24,02:32:54
94,gp:AOqpTOE0wZxfzFhbjHr7cQ8L385m7O72dDXFM1qahFc8yScVg4L0j-t70geFnNYsj-vAqxM-sbrXPJjQmT6Gnw,zœá„ÅïÊúà,https://play-lh.googleusercontent.com/a-/AOh14GgAeC7gTScnlrHUAvvHO6OTC4-aOZb4KsfqwvvL,YATIM KONTTOLLL,1,0,,2022-01-24 02:13:54,,,2022-01-24,02:13:54
95,gp:AOqpTOFVj9jTtDB-C7srtCQ7ynUh6lu3GGGOr0whC13zIJ2FZa7V0N_T2GFekB1Z9jzUxeoB2l9FTEwy0nVvgg,al furqan,https://play-lh.googleusercontent.com/a-/AOh14GjeLoqLLi2q03ykmZZmIsu8_TVKp8MX-DIGae16gA,Nda perlu di jelaskan.,1,0,4.1.6,2022-01-24 01:45:46,"Hi Kak Al Furqan, terima kasih utk review dan masukan Anda. Kami mohon maaf atas ketidaknyamanan yang Anda alami. Sebagai komitmen untuk selalu memberikan pelayanan dan pengalaman pelanggan terbaik, myIndiHome terus melakukan perbaikan. Infokan detail kendala di form berikut: https://bit.ly/myihreview atau hub 147 atau DM FB/ Twitter @IndiHomeCare",2022-01-24 03:56:49,2022-01-24,01:45:46
96,gp:AOqpTOFBovmVWaED01lzis4At0lFClm8rMkGlvXmCnpyZRBMgVLRH91qpVjoxaVQUU0WwgmfD0aQkH3I3v5O5Q,Anto Fetoy,https://play-lh.googleusercontent.com/a-/AOh14GgpD2fT2THGjcvzQTU4wDukTncfP2mIXnYj7XUthw,Kebanyakan janji doang,2,0,4.1.6,2022-01-24 01:23:24,"Hi Kak Anto, terima kasih utk review dan masukan Anda. Kami mohon maaf atas ketidaknyamanan yang Anda alami. Sebagai komitmen untuk selalu memberikan pelayanan dan pengalaman pelanggan terbaik, myIndiHome terus melakukan perbaikan. Infokan detail kendala di form berikut: https://bit.ly/myihreview atau hub 147 atau DM FB/ Twitter @IndiHomeCare",2022-01-24 03:56:28,2022-01-24,01:23:24
97,gp:AOqpTOHI9zqyfl_70K3J0YyyeTL90l02GQUptWR3SC7XuHLkm3ZrtvqmXYHyE2u8kz6Sh9lbE10ryKVgRUCPPw,hendry stamp,https://play-lh.googleusercontent.com/a-/AOh14GhY_4oNpO9f8HUs0U4-Vg_6E20S1-wkpywwYwZF1g,jelek sekali. bermasalah. diperbarui tapi utk laporan gangguan tidak bisa.,1,0,4.1.6,2022-01-24 01:18:37,"Hi Kak Hendry, terima kasih utk review dan masukan Anda. Kami mohon maaf atas ketidaknyamanan yang Anda alami. Sebagai komitmen untuk selalu memberikan pelayanan dan pengalaman pelanggan terbaik, myIndiHome terus melakukan perbaikan. Infokan detail kendala di form berikut: https://bit.ly/myihreview atau hub 147 atau DM FB/ Twitter @IndiHomeCare",2022-01-24 03:56:19,2022-01-24,01:18:37
98,gp:AOqpTOHRlo7P5QuQBgBQHoFiQ5iFVmoh0c-KvY2cn2Y84SDuy4EellEBQBIHJnddGrlkMoqIRZFQQ1Z-tP_W8Q,Life Pedia,https://play-lh.googleusercontent.com/a-/AOh14GiuOvt9zoSHG34OZ-EbeWx8SS6Ry_flP_tWwWpL,Parah banget sekarang lelet nya minta ampun. Pdahal di pakai sendiri dirumah. Di cek di 192.168.1.1 yg makai cuma gue. Tpi lelet nya gila. Mna byar 400 lgi,1,0,,2022-01-24 01:01:08,,,2022-01-24,01:01:08
99,gp:AOqpTOFkmIRa6jSJ9ol0jtclQtFtn9xt6DZKyyGhJqoBOGjbh30QHr0DC4bVQxJDcRo1Fhh_9bNufEe4WXzQ6A,Buyung Sulaiman,https://play-lh.googleusercontent.com/a/AATXAJwSihpfAWQkzZrLsj-gHNHRsOlwqOgUheQBUgqg=mo,Semoga kecepatan internet Indihome bisa 1 : 1 antara unduh dan upload kecepatannya bisa sama. ü•∞,4,0,,2022-01-24 00:55:32,,,2022-01-24,00:55:32
